,Intercept,C(brushing_event)[T.before]
99647b51f775c8ddde8ed36a7d60dbcd,6.004895032804036,1.3437426760240667
51121722488d0c3da1388d1b117cd239,6.484477431933904,0.6994022204919927
d599ebe277afb0dfd4ad3c2176afc50e,5.303854347627187,0.5727090313478582
39c4199fe81f30a5b4b0fd5bf2f43c03,5.660547317426229,0.23747605824910334
4629fbb5dde5f8ee07c2259d2887a8d4,5.2925120009589435,0.29650063062153986
f18a9c8112372e2916a66a9778f3741b,6.289248557250524,0.352771826033222
a9b4a380d3b76755de55410a3b856df4,2.5547423972296954,1.7053444161459081
f6eb8537456dde7792eff60c8d1e797c,3.81342679397347,1.2829255945428484
0afabc98ba5f06d77586c65dd984e126,4.120129765431905,1.3452629646665626
94618fbd548fe98e657165faffecda58,-2.062765298922038,0.4360034539743536
9eec995d1b7de24deb146bf87c62e8ef,0.9594686640906573,2.055471964125263
80e2a0cdbbf0ae81a93b6ba374faeb14,5.4643288864302875,-0.5393933579877741
ce0a7bedfbc98dbf07eaffbb567102ef,3.371626438062215,0.4287099912210577
a978026c6c33bccb8dd70bd2ddbf48bf,1.4392002238440753,1.4789317920251959
ab7dc8433c13bb94829daf2872d9d195,3.499183477323079,0.4126005246683233
15869fbb559d7a31992e2034442b5099,4.446010650556111,0.8747927322431677
e2e427425f99a8a787b1fdc4a9828d8b,-2.062765298922038,0.4360034539743536
b36ed4cdf7c0f387ac70951a11bddd29,3.902958692472005,0.5223127677484625
a7f92909575fd948fad074b72093771e,3.3907993449378253,0.15808183694325617
d21053daf32f3e2c9be9c6768d6ade32,3.3744195117163898,1.1487088426395529
c84509b5d38955838482e9d6a4770bfe,1.5242064608741046,2.304510481600391
9049e702d18015c0f3159c054521811b,2.635499776761556,0.28484637284718684
927381a65ddaa2800255c9186c9b1aaa,3.763104022901082,0.3269750549837225
57743cdbfe2c234a5d236931416b17ba,-2.062765298922038,0.4360034539743536
1275c8657f3502d2f3d7b0d9ec7e1c78,1.7337682856726886,2.134520716909992
3be84af53366ecb5d9489a5439625afd,-2.062765298922038,0.4360034539743536
a2d2356e7a5effb0fb6d013bfb923b1a,-2.062765298922038,0.4360034539743536
a67613d18109ca8bda841018545cb1d7,4.67746704952004,0.7483684494539373
353b00e164d7ee0aefd33c34d12562d9,1.5974343432593585,-0.06583505129374334
2a2f3f401b002d68e17c880024e07b27,3.1570425643134357,0.04080993676625333
db6086608389f922cfd2e33a3a6826f5,2.2977100028205157,0.5196776464029425
98b8fb4e2dc98e89e2063eb5ad56978d,3.245558084409261,-0.23316925024546453
d2a8811affdca18fbfc7aa973a4d8ca1,6.519537450234914,-0.16389625525034734
9825426be20fbb54b2a7f72ee7d48d21,3.520495714108968,-0.42963164305247137
c8f86ed070441ba177e1c132b9b2ca65,-2.062765298922038,0.4360034539743536
4c77b4a241dbcc5b0a1156a672494d3c,3.4232299937415362,0.5102106406732672
546f2c0a74a88e6f1f37a2366edb0060,2.0196242942023517,1.6020699515386694
8f0ba2d0c4a91f9303ab9e1b48d9f92b,3.7799368514228107,-0.1853124425367243
7144de9684c83011bf5f22cf3b41d0f9,3.101727069776082,-0.2369566485837824
4333f97aaba82904f5975cf89c540fa3,3.660296977918172,-0.7381419465497858
5a7b1b9e2a54e153cd274e59b198fd0b,2.6162970675635577,-0.49885063623942205
d3a5dac580af1f9ccc6f516d334454c5,3.9786620749640704,0.08065325761281184
bc463e566d8e2991814f58f7a90dea13,1.9986394061255695,-0.6630293652967341
0bacd0a54dbb68d4fbb00d777c5d124f,2.6171060218024493,0.38805121922932795
a0946629e7054c9638dd5d2991e1350d,1.7686799182105304,0.19783074403248957
fdb7f3c00d2654ea0d3f8afcd3c19024,1.7543118609595538,-0.028895907159221856
f540d33e721da6d5f306137ed0fabbfd,1.434969247739339,-0.11293130373514959
6f47312c16018daf100523ef19e3c2e3,3.739638151090169,-0.2489730641797907
379d8b315627c1476d03fc5e5a110f3a,-0.386228262026286,-0.07427804922617742
a3c411aae6e316341d505af6ca75243e,2.1733499182868243,0.2588355019136541
14ca6a8129ff8d410ec8b813f368c9f3,4.265727700154805,-0.9655815885023005
41f72ea0560d754315315bde107b5afc,1.3981249941993,-0.25446730112589666
d3665d676c8fd9363c69c743207dd58e,-0.004859148104166877,2.756255336050617
95417e07c236ac7acbf5d66358df296d,2.2916463030982257,-0.20264964556254217
fd4374a0c15e1ca291f9ba2f1d6e15e4,1.6898577822852374,-0.24234610056437322
6e6ba3f1d999799f0ba2687bbb293ab2,1.29505759612801,1.259566575233566
1c8e4345e379083be44a9fc59bb13632,2.636941255490803,-0.13302772497690984
4415a64d748a0018388e779b17642d6d,0.9478881968665362,0.3480932190462225
900a2b113b17a2705180ed5e1558ada4,2.245220483701253,-1.6609217450574763
241abde53ba10a64bd4b3cd29d9d55ef,1.7326419963050128,-0.4289497659162409
13f5aba07d66b4d4f6a20ccd480a3836,3.072150529782796,-0.7562825009778864
25d0bc970ce52db647439b74f905e506,2.7849128855872394,-1.0148672387555964
f451900d696a7555f2d77a94148dbab5,5.493367911736989,0.03815550351582697
cb8a55dfc2326c0724f7638b92653ee7,2.6461918963599445,0.7630242183252447
e3ed7d00c8d0300eb6ae57c458de95b7,4.595221222798848,0.03244668984852961
41f67443ce8207be0c0a956c47823417,4.3626509322333575,-0.7903999612287409
15f92246da9d186be06e176a3eb7a8d2,2.849494518201375,-0.909813098664654
7e2f2185876e3c49bf9da70b15308e79,2.0148094309973956,-0.11020999407328436
d52e04b709b766e4f29c039ba7ab1cb2,3.3966193808722736,0.0714612677141302
2ce5e8a89de78b532263e4baa2fbad54,4.254224003713155,-0.7805372998670466
e122b3acedfe1a819e2e7983bdadf10b,2.7646141661811114,-0.789935283418072
db870fbe8d7d9d12fe45bdf880a42b9c,1.8318913592505695,0.3110821917101019
35170b61f6f84e19df0b63e6f9868ca2,2.5907464636969806,-1.0207449719861872
50945cab167d1ed09f35a03323931193,4.60636371509316,-0.36261778330363104
4616eaeb97ec83efb673a3e81fbca7f7,1.4160702838111163,-0.8306500241712458
8a6a2ed0b69615e91b2c14c975d51626,-2.062765298922038,0.4360034539743536
306140f2902fbb1306821bccd3bf2436,4.000157894055867,-0.5473304316953547
5b9cc5f3383146b1bdc91664611ad490,2.6317031993079425,-0.5345366523221857
4575f71a6cf9471ed8e03d4d8886cb99,1.54011660949471,-0.5647866055921442
fde71fd19ae125edac13405754d05654,2.1841207160163165,-0.7690107152418024
c3acff7e2b1c14c645393fd67c4cf4e6,0.6652162684607745,0.06125242257558039
3c9ba9bac47d37ac83072ab5736d52b7,2.0022409571814777,0.06404358888112238
1eed5bd1a3e6a65e5f10e0643e60f515,0.030036748807454217,0.8510648682161444
8e1cdd964cdb3d1f18cb6d13d9d661c3,0.8976700915503741,-0.09221821283854315
47866fc93c1bb26e7cd16cf31509866d,1.6191213740515948,-0.8923343942121393
e7d53a77ec701e151c4ed6ef5e82e584,1.1744425906348468,-0.49792294954813787
7945ed12e8c16433888909725ba680d7,2.0296857966590167,-0.252960972543133
e149aec1296f16cb57885d98bc69e616,0.7407792224097491,-0.5874919221357233
afac895bca45f4f94b0aeb994bac629a,3.330464900891805,-0.5556738898710138
8fc57b0a056523b5c4a2c9ffc1188a97,2.692635835568929,-0.7986439988569147
cdd363405ed482776e9de1e5245448b1,3.0758770121741534,-1.0494698808149225
595c971ecf2347150ac8b1138a2e5fa2,-0.4173251972985028,-0.002674870248211114
4589af65a46901081384739d3ff8bc52,-0.2652074681114911,0.7285436465784185
33d392cc29bf3da27fa51f7b0ae7860a,-1.9685675488304852,0.3391873314424627
19e0bb2b8eeec409116533b068261cc3,1.7733500613379718,-0.8039056584791071
2012b082f259104f405209c1452ecfd7,1.3451603068518878,-0.2708600089506037
3192ed8ef0fbbeb4b598cd5c5afcc823,1.0806234492469073,1.2360960244580381
52f2b86908624221df8647aca0f27d4c,0.22254687682869445,0.05432648206196955
db5e6cdb9b2c6fbe3684d2b94fe5ea2c,3.5363352908301584,-0.4945414588407404
74a9d59bf3f30fd0e72ba65e53955d15,-1.5666400776695966,-0.023374609704387872
52bfc516fe2931449d7278e2521cc54c,-1.9138485775780438,0.8435590937181585
595b5b1bc348319c95cf95ac4d365436,1.5667579783606769,-1.6749462411359675
bd8101a6c827fc59664a156ef66a3828,-0.13409346206901063,-0.19393675779856512
8acd9853890798ecbe98715df7a0a677,0.8562482012915851,-1.0649909303144343
aa055059749ffee75e5ac8d255f70035,-0.6591221676659345,-0.5589895770505802
eb612e768623d94aa7642796580db32d,-0.9704348431420087,-0.42696457361735174
255578f5d3aaea3d0f2c04461d100af5,1.229459108274007,-0.0823386237577326
0922291cbf4e17dbb0e67557922c41f2,-1.6995961056542157,0.7325946166559332
c192427b4464e1e6518e606baebdfcc4,4.715057076375508,-0.9076539800123102
ffb96377139849b1ff170a8d71ddb396,-0.2438151226830243,-0.6756507680372126
a4da927fd5b1aeaa27f52f37da9dfc4e,-0.5581380711388348,1.4807241334959143
634e4c7b48dcbd5f4ffe22ecf885f34f,1.898355306546712,-0.8509589955762751
e284982a9e101cacbe436bda97144ad8,2.8040996207404376,-0.5230159089521296
94245cf115fcf3a654be73f195f9784e,-0.3468305455040692,-0.3935210034803278
d061426ac84016b183e18c6e2885fd29,-2.062765298922038,0.4360034539743536
f641fa693f791d7469b06d281bd82419,-0.8727175579857587,-0.19657187914408514
c704107a9b045b2d7ed07ca079eae6de,1.9581845416236163,-0.4892834947065241
7103ca5409961d5354a28e5d5ed39a5b,-0.7290670262169598,0.6618765070482366
c67dce35ae6dfba66e8e755d4e7d923d,0.08734923736336242,-0.5021333024457819
2e05bf111843a4ac9fade3f484918a75,0.5886462344336749,0.5465886070772283
d4a9aa07c6afb50b86d5f47a4daae372,0.4982960833716632,-0.5724841878370173
2fcf2f6dfa8b8a33e6ee0dd44b56c093,1.632608236234212,-0.17698317026652166
2be90cc9bd2811af7cca6bc28463b176,2.7080939425635577,-1.4812614247754938
a759a10943c99bcf0b159b97a3d43390,1.2933328761267902,-0.2562861964658625
3af44834a193ba35da708c69fa10cb36,-0.34216850860831727,-0.1546049640134699
88c48e47c29ee10ec5dc054854a2a517,0.7881835116553546,-0.5970553681806452
a18f28d224e2a15836f43ff12e27786c,-0.08913153274772156,-0.30946295713938543
c476a045b42b30e13d8a25f4b2e5a226,1.6867011202979327,-0.9542722032026179
d07128935c411c13bb080133aa3a1262,-0.4210268841576337,-0.06555896257914373
f0544431f8310f1cd80df21ea2580dc4,-0.0967199192833661,0.16997260594807795
3bee764f1e6b8ef9858cb3dc3f92069a,-1.3783118115257977,-0.043173246140850274
aaf1f1232737d9346ee18017a76d7027,3.361102641980672,-2.5004848763898737
b14c8287aa4101398e114cc03b02dcc3,-1.662968813021159,0.5911366417451971
7ff9de602de2341ce096cf3b30404f51,1.1370499743628741,-0.11506622290171453
afb20cec1c4694dde356d9c6f4cf560f,1.7868188037085773,-2.184334926362408
27855451d704f0e78a81e5f951cf28b1,3.9762941016364337,-1.2666699216321833
3ac3f4c7c45515628515b0eacf5170d5,1.717371763150716,-2.1215197370008356
632eac14d9e07a94e0a8922a7cdf07c7,0.9970977915930987,-0.3910568282560236
37fd17928f3d04aceafda5d8bee63286,0.1781376017737628,-1.4972326085523493
0440f62914d9cbd3fab890f7aeaf4ea9,2.505323709409261,-0.6136346385434992
3c65649e78d03870d3d9c3e87a4dac89,1.75935489074471,-0.49730854486979315
38c1ed7ff76070283f0883b6ea0a84ac,2.4751110686469318,-0.6022278592542536
616f0c5b9d50a9dda46a5cdc5dcdc762,0.5571282519507648,-1.3970481679395563
cffbe6131ae5774da18f3ed65c2e1eb0,0.2946065081763507,-0.3381277844861872
1d5f93c84cfa223f791274199b29f802,1.3977878703284503,-2.247736148591412
1296d682dd385336e3308635cc49e21c,0.2729428424048663,-0.6120136306241877
d3c43385eff1d6d5e44ac2894f1af886,2.1657605780768634,1.1223465427204244
8684b6a7961c0992abe42d81c59468d4,1.3373063220191241,-1.6651486680463679
dca4fd44687cf8eaf0bd364de904dc91,-0.44444435699698914,0.4146772100969427
501fbc1d4cafee319b7e930393cd1b48,-0.2354208813500165,-1.0233918950513727
1f4a324ef8f6601b58c6795683220cc0,1.1696127070594073,-0.9375423715070612
e39a6d34b8bd3b3cac154f0d06c34be7,1.9307659281897784,-1.3046886250928766
59762beff7168035d696a22dee602eb3,2.2352355136084796,0.18179304147206476
ed69dfdb9f2daf0a582431aebc1a6a6c,-0.7624828205895184,1.3424081236037635
e60e325f10839a53264d636e2298becc,4.319346727292562,0.8131007626100653
0d0073729144a6f7739e9d73084c0efc,0.9391487254309894,-0.6942483708814509
372ee5fa8367d5632ed3b8ba0c8becfc,1.2673748149085284,-2.258662156815899
45751685b2d300d16bb702f953e0e5a5,-0.05109423263785828,-1.1448497102216608
269cf7928072128361a52ca3a110571f,2.0022566928076984,0.35091037297688654
0c76614569ed1835ae7b53b205219243,1.1228688372779132,-1.1692203805402643
8bbaa1eaa1f6ff2eb1b3995fb2e62887,1.5236986293006183,-1.0222372338727839
b65c79c74a2594bc47a32b9e245d42df,1.0891249789405109,-0.8808008954481013
e086230a27e3fb8e68506fa93676e3c8,-0.5558435307335614,-0.02456777548350164
8d48f97e38ab1b57331eb2abdd99db45,1.3193290843177081,0.06747276330434016
774c45094cda1b8dd6927b5286286851,3.9981306208777667,-0.9099945352033503
d3fa32edbf0bfefeef92e5aa73aa8afe,0.688053907315755,-1.0799307153180964
cc3e5ef19e51d43c807feee68e597cfa,1.7320655001807452,-1.3576804921583063
7f771ef0aa25cd90dac5d55d6b9cb511,-1.2319261418175458,-0.012797288651836602
6bad5f0f2484248490b4c83c6c96e2c1,2.7817791117835284,-1.4725770280317194
9309055fb48fd73d46b2d45aba41a9d4,1.1121280802893878,-1.4319142625287897
6630fb0bce391a5ec1dc67ee0b618f6e,3.1950622214484454,1.2539094611450308
f58ef02fd3fe4f8f1c8ba13a3e205697,2.377464832227254,0.6667792871042364
9153f1033728bacb93667ad31f7bf3c9,3.0867744101691486,-2.6208671853498346
35e664abee6f84a998c572c4eba806ed,4.029289306561971,-0.3885270879224665
58490aa96b5c09f7ded101294bdf0ace,2.098817886273885,-1.3947026059583552
317faf40ab70262d43978ca7d1f1509c,2.124556363980794,-1.398631982560528
2500529b5a1bf49aba503fe02f9a254e,1.8320119990515948,1.4926707371517294
385d596077ffe9ba4dcf4718d48df5a0,-1.6945926533531903,1.1382316722913854
4ff24fc8bbb1263940427ba778d2367b,2.5413263453650714,0.8445280268236273
69b4f7cc7375046f80e8b43f92aa072b,-0.04290884598014344,-0.2666560933545954
b55ffa853e1d1336654fc78d36220572,2.7244687689948313,-1.0870727822736628
f4ad6145d7d52f050f047cbe9834e8a0,-0.9756872044396161,0.7167269661470526
aa4d4cee134211ec1651b7945446ad0f,1.232590974729085,-0.9900471494153864
cee0c2d0772e538f63a9fc1c922381e1,0.361884416501546,-0.5693921372846491
a557f5948fd2ab3d8f8583c85043872a,1.747997583310628,-0.6786512658552057
a8e9d01833a199c3ba4ecd41b7f04afa,-1.0311834202599286,1.8031707181974523
171ab29822871eb4cbe123d884ba89fc,0.3393300189185382,-0.6783589646772272
7f7e45fb16bc75b08d60ac5d15841412,-0.6629282818627118,-0.29693096136607
3de79c4f9ff2890dcc95275046ee5702,-0.34329622848746766,-0.22577398275889227
c27159ac6766f2bb04bc26f8113bd6fb,1.1550782336402179,-1.6180269048169977
0540188cc86768c48a1b80c5ec04a107,-0.03260201080558289,-0.5949136540845759
f65150a4f1fdd4fde32f5527dd1a75ef,0.4666188372779132,-0.7401198670820124
2776fcb40bfbc8fb8a3cef3f3f0a803f,-2.0546514378380536,0.633639700655567
c48582949c0021e011a7b6152f194793,1.9840539111304523,-1.14926832174815
985c7be743a21455a84b3a2fda5d2d27,1.555213273923421,-0.16371338820017645
76472cd61701bcfef12f0e56ae4a2245,0.5585902346778155,-0.42457132792033025
6bd09e834dce86ff4ec4a5c0f631fce5,-2.0382634983849286,0.7150888516946905
51c23905e2cf63429fddb36a1e48c372,0.33697348968269836,-0.46388237928904363
d8a24a9bb9d02a94a958b34fd47a3a94,-0.2843458042931317,-0.9775263593152888
74ea96809d95b42e8a8a76cafa39153d,-0.05487221344230164,0.03567761922322443
0a5c41846b15981e676414aa98629229,0.22338944808723937,-0.7821542546705134
6725204b0d15c8bf05be7afb6b109722,0.3268154277014972,-1.0799598023847468
cfcb909f2bdf92be28fcb41983b96751,0.796642602841878,-0.2921988294080622
722d3d1d2c9bd01c51fb6b630f284f9f,0.5246194018531085,-0.3734140918210871
8023f538cf0087c28b52083452ca3d56,1.017679037015462,-0.5811465308622248
115e28c1e70188545e0df9f13829e425,-0.33848780258414735,2.1389787867113226
ad0af56dd44d825708e99de9923745e9,-0.9443585263085126,-0.5459622666791804
e63bf82b08616e9edd3c73dd69b7a616,1.1915295733618976,-1.1588238999799616
667f039061ef0749c8174da1384ff1a1,1.0905392779517413,-1.9153341577009089
78a8c39e07c3672d6a3e1edb3d36b28c,-1.6646043644737958,0.23107261205159357
8b3a84de5ee8f40aa4350c850bf5172f,0.891305745999837,-0.7546834275678522
81bba189c6f0bfc9d91c3c5105c7c305,-1.1677009449791669,-0.38744717096842596
3b7eb9e032841140aae1cdebb5076c3c,-1.0491668568444013,-0.4805592820600397
6521c7e1cc2ca719c0196642afb65453,1.3981426371741534,0.27187640214406184
5f66e02cbec2e0fd5d17767796a97ca9,1.7769430293250323,-0.007530979867351739
c47cb2c8b2023ea0f0a778b405dd5c3a,1.419332803647542,-0.0888776109174616
cc52eb5d3bbdeaebe5dfb6b235edbbfe,1.0241621150183917,-0.44411688303507635
e9cc17435a51460a7680bf7a8d2606e4,0.47393828765633117,1.217015571837055
cbe6d32ca7a479a71c4fd50e0b9d980b,2.568392576138997,-1.2553273961500055
c8e16728c858d40fde46be6caf8cb2d1,-0.29139822586295594,0.2010997011705511
3f6752aabcc291b67a063fb6492fd107,-2.062765298922038,0.4360034539743536
c2de695d57fa30d40e3284efe5c2cbea,-0.8537618504357098,-0.03584342455424139
ac61645141c4a41006ca8977daea3746,1.4717186106848956,-0.5634013936475641
45ea324397fe7d78fdc4fab83dd2f44f,-2.062765298922038,0.4360034539743536
c3692f03d8757deca2202e7fa5288f46,0.22289496795418273,-0.2693343684629328
a97f29919eb1c36bf55f6826ff8eb3f8,0.4167669428992511,-0.34935813402689764
25eceffa4cd0ea265e2402c1674292ad,-2.062765298922038,0.4360034539743536
0cfc4ea86d775c87db43709be8876dae,-0.9943620549034833,-0.37274520849741766
04e0ab653bbd27bcdc156edd091f92a4,-1.1091596470665692,-0.2882670686200983
44acc9847db71da043c1258649e78f27,-1.8194825039696454,2.727511115316974
3094c2fa70abb5e9273578af269201d0,-0.03941315277335633,0.032930083517658026
2057c401875df2cbd90dca2748918fcc,-0.567035375673747,-0.9300526902631647
8546c8f294916c03ef6099991975151a,-0.8075053082298993,0.25694579625569514
84e235fc249ada26302ffa297081bf99,-1.6321308003258466,0.3700714185281866
1b8e8a7670200448107f1b19330b5089,-0.35341471298453797,-0.44755905127085516
eb82d3f10bb71a45e21c6bb8e5cad7cc,-0.8595072613548993,-0.7023026273206598
0c4d2c38b6d0abec860b733cabe457c2,-2.062765298922038,0.4360034539743536
2f9b615d0c2759349f8112da9eacebd3,-2.062765298922038,0.4360034539743536
2b2b5f22bf5af722679ba12e4ea02886,0.13334113494637023,-1.058743648286236
855737ee127d6ae254fc2900a29004fc,-0.29683083160636414,-0.22956722235239813
96ae8fe511416302e8027d61e8b74833,-2.062765298922038,0.4360034539743536
8a48bf9639e05c7114dcafbe69a2a87d,0.7779663218665362,-0.12839394068278143
c002fadf11a5526bcb7a297d1318dbfa,-0.8729330883812665,0.09231037641011408
836509073355ebabaa962a5c30bff503,0.8410404338050128,-0.6777352616742975
01e9bac078c7cb06142f58c9c2fbc35b,-1.60929745300529,0.17079634213887385
52408d741bf41c02e897ef1377337472,-0.8760244236778973,-0.11163847898997137
19d2448a3969eb59c5032b5d35982af8,-1.367619691927409,0.09630078816853693
96334d1ffaa05b0d305e6f4de644971a,0.043497861783528435,-0.0727173612073786
8e901c87e71b6b23ab4723ff3191a076,0.06373101608040344,-0.2763897702649958
86f97e7476db2760f08c1f6bfccfb0ea,-2.017204462130046,0.9454258456274145
e4db987b0d14d1e09aa7c4f0c1c5eb6d,-1.847618757326579,1.4095009415789717
d27a0b95095eb7912f7a041282445d86,-0.6071092472862958,-0.1460835263685114
368dabfeb2020dc62eed0dca97d2111f,-1.233619390566325,0.025827117209064276
525d932568b0c834dd23577d52bfdd74,-1.3419038639855145,0.13755042100392512
30a38f6733a4f32ed7cef48f65e20b72,-1.2730581150841473,0.6648245527788275
6c5cd01c871990dbcebd27ff48a19198,0.886481584470296,0.6771103813692205
02f3debc415b4099e684495b198a03e8,-1.1633355007958173,-0.39021437620676824
70fd8c1c737b5178b1668b4a02222230,-0.48645275696036805,-0.10901360964335272
c78b197b971896b9c936b46e41849476,-1.0013019429039716,0.12151045346699885
cf4aa8c08a2d4690ae1b99cfef272b1e,-2.062765298922038,0.4360034539743536
b7ef5a2d3f3e3c9d5c64244d291e468a,-0.30978649719474305,-0.4498082921460993
0204aa97a655fab087a6f6902be35eb6,-2.062765298922038,0.4360034539743536
8335a6aeb056b0aa137b4308d7743133,0.0651453150916339,0.057617016081439765
ea6dcb345ca75039d2ac6557d4fec4e3,-1.7079808102440595,0.7835382893129461
a1bef55a97db05fdc081a43465349d20,-2.0462848530602216,0.6927512958093756
197f46621d5fb3241cb212694943143b,-2.0594570027184247,0.5564991309686773
9709ca509844337d6d7004a6e3257356,-1.0786687718224286,0.10115427518330744
e1d427eebadec6e022ae5741e403a128,-1.1947733746361493,-0.09081702684916326
5f898501464ed8992334f3d3af1820e4,-1.450998483736491,0.27780622983418635
0198800f76ee3fb08e3e34502867a7c5,-0.6339408741783856,-0.7116212174848444
ff0e7651bb616b3fd98f801cab134202,-1.7512666569542645,0.3758849575563543
0745eb5121fd62bcffcf97f02a3a7f35,-1.5920678959679364,0.3589019253297918
021fa0fd27ccbaf9c016c18a60f52ffa,0.31669122115852844,0.02090520406209162
68fcca1b1c4cf725a0276c7d3cb48c43,-2.062765298922038,0.4360034539743536
1d7e09f08675c4ddec8d6a195a27c193,-1.20740479095695,-0.006791524644268243
753d254c07e301ff1edf4cbeb7e5a1f8,0.4809144152808429,-1.199645690675152
99407aa3e347408f73b4a616435db83c,-2.062765298922038,0.4360034539743536
323a4a7d14296951188b55796f2cf934,-2.05774134262321,0.5848397686525457
a4510731648fbdef0ea2444e86854e43,-1.772926031191325,0.16138608003102473
9b40ea06cb2c2f75122976fb2a675732,-0.0007793293785809396,-0.6012441441968805
d416f6ce8a003c3c60202376d18452eb,-1.4377290592980145,0.30463022733174494
e5349c207a008268b5455529e1ea5f37,-1.3750459538292645,-0.12357645487345525
7d2a2944a90db0e8393704a43fc2b913,-1.033726869661784,0.13686353707753351
b408059a6dacf56c8e04256150542495,-2.062765298922038,0.4360034539743536
7e7b12ed246763ee789a162d6769ce18,-1.148928342897868,-0.4081101939634211
42d184fe516d3ebe22461d68d2d867db,-1.3526608334374188,-0.20325987791575262
35b3227dca110e01b250f5304036a978,-1.3390781269860028,0.6575637533708685
c5a86754db93692257b5c723490924e6,-2.0349418507408856,0.8095626308961981
7334e792d9636b5dd455e7031d0f8ef0,-1.6994196759056805,0.11464960122548273
232a39e761759d6bdb138c7cfb2f4d28,1.1291640414405109,-1.4691056535200007
a16679d5a10caa9753f171977552d920,-0.5540415631127118,-0.7697784230665095
9f39efe5f61d28f840e96bc3a4ceb9e1,1.7905357493567706,0.29404158139668635
fcf4ac09d4df4a42eeb13898cfe62bb9,1.019153417508626,1.5510101243301504
e779982764485bbb824e1c21ac47ed24,-0.05740374191520203,0.912637092117893
ab6194f1e36506149b47408c1f22fef3,-0.41519373520133485,0.07162374997578791
eac50f40834d622d46bac83cf5a63e95,-0.327202497560954,-0.06053560232676336
b040c96ee9f644c8665cf927472e08ec,0.26668816940071594,-1.238041572327984
d16debdf5982e06ba19c857b8c8278f5,-0.396176992495036,0.8023098781152838
fa1d43fc2ca29b094513673a68e66777,-0.35001200302360047,-0.07288628077067205
f8fbef73b0469e487c2aa859e5a7955e,-1.3668715344261884,0.029323883299457343
d586c0f03388b0ed06a884619665d812,0.15212565795662414,-0.4945284650281794
68d0828e905f340feeb5f08cba1157e6,-1.9580423222374677,0.3417968227907293
8139c4ac825dae48454fb4800fb87896,-0.40471142395255555,-0.9407440946058161
857b4205ec3f91149633495d70354521,-0.5619665966820477,-0.6613468453840143
a7acc2abb505c3ee177a12e514d3b994,-1.031290231783366,-0.5186219737485773
62d64382e98c36ec7709e701735589ff,-0.30632036789176453,-0.22238772367991277
f0dda0a0f91c6172e450f7ba90f31e9a,-1.56995361908195,-0.020640902276409356
0ad47af54774c67f2286f426a018cf73,-1.7185127125572919,0.11207778001271418
ef9ecba707ad092c6ac7bef17d0db268,-1.0735246525597333,-0.47930722689188787
64a1a214f39d7bf57a2258bc1941c500,-1.2651917324852704,0.8980021252676123
a5402824916049e6a0510dfb58147869,-1.7104975567650555,0.11001736665211848
b860c2fb7c750bc7e96b20013757a70c,-0.14378946884391297,-0.3054359481290705
cf65684ed1dac5f4e7cc1bfddc9982f1,1.5277102603125812,-0.9193696305707819
dd67c1434441e5125063e49504d15aaa,0.1416071070838214,0.3315534069582098
e29d2792c75121d43fc6553ef585e1ca,-1.1055590496849774,-0.02122586226023504
05c2d251996b17582af0cba08f500211,-0.2173253880333661,-0.7691673562482721
01376ed5d219c74273a1d5e58d29fa34,-1.329791723329997,0.7919543459459417
8ea41924fb447cff86851b740f56d337,1.5325706614661456,-1.5111357495740778
b65fd5cf8ad66cd0c4d425ec210fa2e5,-1.444077669222331,2.3080893828912847
2f173101691f8f9521e843a5c1ae40c1,-2.062765298922038,0.4360034539743536
315e0e57724191be0d2300cec307a401,-1.7557989941429852,0.3967350199266546
906e375e3eb44ddf4c970f5e1038c6df,-1.3450605259728192,-0.21351604914225408
0254155623cdb02912ef3db86d5b8bd6,0.47372132674934875,-0.8963603303388483
a28ae6d63a03ba4cdb3105fb3cc70c75,0.14900189773323547,-0.8664118573621638
05e514cab4fe0eb0b01a97d455428942,-1.4581477032494305,0.40729612851582697
1f12eac04dd240d7eb815f3523f04f24,-1.7604071484398602,1.1505478545471304
69ebb9d52a562cadc7f4ac3194e13bd9,-1.590275941927409,-0.02760117506541082
3995e7829b778d46c08a8259c281ffd7,-0.46607035263297547,0.2564789726778143
19601ed8c3e0a88bf06faa6bca5111a2,-1.6321284161400555,0.2729421331926458
7a3c53a016c89d53c85edd54abf40554,-0.8621775494408368,-0.5712295100644953
eb70bac9017bfc66743e003ab09328da,-1.597332178194499,0.2980813458009832
5dd38f0eea6a6543729c5f272bf505c0,-0.039874731142496955,-0.8956877515272028
3f1760499cc74a53839e532e28fb07a1,-0.7882358418297528,0.5198382809206121
c7d5a669125a70a32b850a1e963c13de,1.4222324504065753,-2.039811305756939
24a0d41d395bdc93206b47f2dfc8559c,-1.8363220082115888,0.899062074665653
0ce8f837ff1a61e4116b35c885529df5,-0.8991844044518231,-0.526281170602215
92d5146c89923a0748784fc75a6135e1,-2.063650308687663,0.5490664913698309
5f72b022f4d9d0a6a3d2aba91f33b025,-1.7032625065636395,0.40044081950627497
ae58b5150e04c883efcd41d49889c60f,-0.37292784317252625,-0.9624096677259333
76355427db027e5ec9f4404f906613a1,0.5908992900061847,-1.6782039926008112
ff87795cecc4edbc180c779cefee28b1,-0.5865465985131024,-0.4049000070051081
bd12ce4b720f4cc778da471919aeae8c,0.7043617381263019,-0.280662708039654
6dee9ad8019d7a6a17aef3ffdc75a287,-1.530902563173747,-0.07743876432932684
547741484f4df17ebcdf41792bc3427b,-0.6949827061486005,-0.6339939162687189
83682d348bbf083fa8f30f4b5de75dc3,-0.48980969055411805,0.702206857447254
98acd48dbdfb0a7fb4d751c57fbd31fd,-2.062765298922038,0.4360034539743536
c37688470a34b5ba729bcdff3c9e9b50,-1.4366118298363446,-0.12975280737437078
ede386be7eacdc9243214c96444d01c1,-2.062765298922038,0.4360034539743536
cf291a0d04cc9133188515244d3f8002,-1.4019052372765302,-0.09876065706766912
9306d3a0154d1c03d3df030f37f07ac3,-1.5130354748558759,0.26137251401387385
d5c640a3bf0085858f6f9e1c640a17b6,-2.062765298922038,0.4360034539743536
9a6bbf7a3ae0a32bd65c01efc6baf88e,-1.8438350544762372,0.39400602126561335
48b7da424fc877aacae135d0608f7277,-0.29932182892081727,-0.3196106479123957
a60427c6af1be00043839e776ac42f86,-0.9106737957787274,-0.002606920953167169
b9c67cb55a4711561e3dc76f2f1198d7,-1.2180439816307782,-0.050906352754009454
86cc17586a66a46a0d967aeba85ac20d,-1.7410122738671063,0.372533149962055
9d377633aebc18f6fe70ac606c61560a,-1.749295888979411,0.37423158431492975
caa2c8ade9d15c97176cc0cf58bef786,-1.5000502453636884,0.42664242530308893
f5dd5ced62c128376b509e70e8edaae4,-1.1743490086388348,0.3292134478136175
b59c41b1fd841b9123b4d58182ad3b2b,-1.9535552845787763,0.4578423574014776
590c9db2d7033c93d2e4af1a5cb12f65,-0.5334069119286298,-0.7937788293317682
dc9e0c4f994d94f3863578b34f79ae41,-0.6528574810814618,-0.5729606673673517
3e4d61a867aed34bf87a19302a1a3fc4,-2.05175989731071,0.6905794217630499
3fb2bd1d3552a70f8bd80d452703e0ee,-2.062765298922038,0.4360034539743536
f393f7d8d8a21159302f2725d766f518,-2.062765298922038,0.4360034539743536
f3b5102c348c85e9414fd0d20a8871ae,-2.0533878193688153,0.6447978689714544
e545ecaf08f1838b6dc829f2677df28c,-2.062765298922038,0.4360034539743536
8e3a6f4c829ba8800e40de0f1a9b4ddb,-2.062765298922038,0.4360034539743536
6837e1794b8f276fa12f9e6b3c4a4319,-2.051471887667155,0.6387638523622625
7eb7a384d6ef9f24cf2abe6a53bf7860,-0.34893816574332703,-0.15926771616495916
dcfc8232d17680309d70191791ab0b1a,-2.049353777010417,0.6524208858057134
f74abd4c6665997ce50f3ac2e4d18250,-2.062765298922038,0.4360034539743536
129577597012fe592df786a97c0eaccd,-2.062765298922038,0.4360034539743536
99a5cfa809eaee4949bf29258171c968,-1.6446010456871747,0.4627145006700628
f7658cea5c4183a00c8a26e0d5a59187,-2.057027994234538,0.6352781131311529
8e7f9b4e7d0a63fb3cc1e80ee9021b04,-0.8867217884850263,0.17637056851826838
37390b8982755aee271e1344d446c35b,-0.20529669388053406,-0.7291323468641169
5af5df8b63e75c02e693d001405281fd,-1.4832760678124188,0.1552719547792547
ddbcdef1b94352eeabdbccf6a2fd9a8f,-0.8097507344078778,-0.33566980814493963
772c6edb64dc8d2b67b8eb2362d93f69,-1.2144476757836102,-0.17920129751719305
636eb3a796e5b40f3162852c5ff21ef5,-2.055246530611491,0.5818405225320928
81b48d6ded873235c8410d595d4ad0db,-1.5456725941490888,0.310487456564533
62c0ec6be4feb55b672cfebac9f48629,-1.7252375469994305,0.6263340189500921
5c5fb3e43d7509b532cb4aea6a521bbb,-1.812530695040202,1.8835712745233648
28f92c2b16844b944aa03c171667f377,-1.7411229000878095,0.1220000460191839
1c45a6f56d366c05bfcde0df42e952e7,-1.790588556368327,0.4363564922853582
9086b79bd192bb1aeb516d9a7c3d6601,-0.6530134068321942,-0.637291126008404
4b1e1cdbcd39aaac03ab8829ee54f6c1,-2.062765298922038,0.4360034539743536
193d0014a8badba4d9cd3a5c310df81f,-1.3224708424401044,0.06467730546437434
af986d6b5225035d332b23098401b736,-0.563568292696452,-0.036613635774028985
dfe319ea03fc26f271a6ce910fff94e0,-1.2441532002281903,0.22078294301472834
3e8f1617da93cbb3e91470e18a72b30f,-1.8560983525109052,0.5920768454118841
9ac3c50692be6e40e581f77b50b6bf20,0.505929769437337,-1.8563823029950983
b7c7a5162bd0d375b7980d799a36a327,-2.048614679415202,0.5913394763513677
8d58567ab0ece8ab9f1e5d0da69d5cc0,-1.3315703259300946,-0.08366625761545965
cb17be37331f49a77a47856f261315ce,-1.3909274922203778,0.7512835338159674
ee103a6d9b81d0cb07a47267de1f412f,-1.9667846546959638,0.34352321172200373
828f018c1478cffd893605353abecd1b,-1.9511138783287763,0.4888191297098272
9b554d9be4712bd316421b75e213b4e3,-1.381826578218913,0.022554226164447577
dc96cbac76e096edec8bc55344860fe5,-0.7067047940087079,-0.44203131651438543
b2ce50e552d4e6f6b4004a9ba957be65,-2.054594217379069,0.6408565118356817
9c17d6e2efcec8cb51590255349da265,-2.062765298922038,0.4360034539743536
f3f926558f4afedc84e40757dee67677,-1.5491577969383954,0.27615661168538264
7d3d1b2ae0269c414e714804a98a9550,-2.058396516878581,0.5755738093896978
1dbf2096a837bcbda19f144fb527c499,-1.5954133854698895,0.3117203190370672
911f13ee047bcc4f640690ffa7bfedad,-1.4508606777977704,0.3807486369653814
28a374446612bc3576942f35763e1ec2,-1.8515865193199872,0.23822540784321955
d870ac89343ab103a53cf7f1752cd09c,-1.8477794514488934,0.4515748693987005
d89adbf400c2b0493403df6d0f282230,-2.062765298922038,0.4360034539743536
d529525489399b7035f29c7e14694379,-2.062765298922038,0.4360034539743536
998e1394a895d9bf981675ada8d81c9c,-2.062765298922038,0.4360034539743536
eac0b085f97f76dd33ee6b6c61161f7e,-2.062765298922038,0.4360034539743536
ab22d1ce88f70e936a7e4ce9e995df1d,-1.7668229924034833,0.16509408498250178
a3a465641c75302bc18e43262cc5d42a,-2.052251039583659,0.5189935042902105
bd3eba1093fcc01a3bb856798eb74ad3,-2.062765298922038,0.4360034539743536
9dd38ef2de28b74605ac0070ed66a967,-1.5584980831932782,0.5443390681787603
fec1a4eeb69b9c18b24c624e7f02a691,-2.062765298922038,0.4360034539743536
a253accccb2a58adabe6de2c67f79463,-2.062765298922038,0.4360034539743536
b704c6646405327b04e805accfb8d5e9,-1.2063876972985028,-0.19619231676615545
1b377f1b3c587c8796fb9c1c2423ce29,-1.9721223698448895,0.3495825007005804
b2427e7b84cf621185294d1e32c24c01,-2.062765298922038,0.4360034539743536
99283d1d0d344c2ef44dd725b1e569ad,-2.062765298922038,0.4360034539743536
29d866ba0ac6ae0daf95db4fe775d39b,-2.062765298922038,0.4360034539743536
df23fb39ae3e4d7420e97aacc86f5ec8,-2.062765298922038,0.4360034539743536
8a186724eb53bb0b7c71f7a016404617,-2.0425149784874677,0.6906269862695806
12d0df0e28d55e74e5b607019e377daa,-2.062765298922038,0.4360034539743536
e62b437858e95fcff32c60ca854fadbf,-2.062765298922038,0.4360034539743536
8faeccc629ec0c244e2e5b3dc096d499,-1.8620097027611493,0.25328583264790705
7a0daa33ccbc81d2544899edcf888dde,-2.062765298922038,0.4360034539743536
43388de77b3efd9427c166102f19ad45,-2.062765298922038,0.4360034539743536
63aa2386a172bfacfe644fad139c104c,-2.062765298922038,0.4360034539743536
f0123974d1c09b8d00b9fdb1efc21331,-2.062765298922038,0.4360034539743536
db3a67b3ff3760fac0cfe6bab50695d8,-2.062765298922038,0.4360034539743536
35663b420eba4a37a2046b1db4802f92,-1.5122310505699872,0.030283994917499335
c68428afd45b083e5238675675d2af8e,-2.0515758381676434,0.5844491794153326
5e50837863a571c3a0c2cd1420385e95,-2.048614679415202,0.5913394763513677
af8a7814ad5faeed41c70c19e8d95057,-1.378603635866618,-0.18361633276499578
2b3529f934674d43ba2b0a92648af7ca,-0.5459424839806317,-0.8217756078199274
6394aa3b5c15928ccbf0c94d7b4ce958,-0.38241737945792664,0.005056209807025702
9496b3deef3751dada324142e57b8496,-1.3147198544335126,-0.27265971159495184
214a537bfbc65010cdb8fe8e7a90e9fa,-1.8560325489830731,0.26020891213856867
b88ce3bfd25c6cde6a78d1adf3098272,-1.9856197224449872,1.2226108461066358
9fee0541c33fc3a7f60933b67b7dffe9,-1.5328423367333173,-0.04764693235911199
51d4af49fcc50a4318d5c87c9adff6aa,-1.4242159710716962,-0.1455426738218195
636a2d98fc250b926f26832149ce0b96,-1.7517072544884442,0.2992400600954168
3064033c8caa5865e38cfe738ad6ecd3,-2.062765298922038,0.4360034539743536
9de9cfbf162c1a287e0314b38b06bc1d,-1.4128319607567548,-0.14834266161478826
707f5ba87a63b8071f5b7cad27aa9046,-2.062765298922038,0.4360034539743536
384693928f6056883adf8de687a76b65,-1.957191167910075,1.480749703888523
860995cab51bb58b699ee1ecba722d54,-1.7889491902184247,1.0815490260168188
ec1e535dd70c6db626a1f6ad53467958,-2.062765298922038,0.4360034539743536
3ed7fe52130f946687694a26dc480d15,-2.0544797764611005,0.6302945687814825
1240b40702bafd9d51c4e587d50b41b3,-1.8378850804161786,0.4614241197153204
1a6e8198d7efcebe2975132dc7e03fb5,-1.2267062054466962,0.9663627221628301
39e5c74d8b2931277dc22c339f16c2c7,-1.9520189152550458,1.5311289652629965
40b5483ce71c79173cdcd953bd1c30b8,1.35164004699471,0.3266053869768255
a88c2f58d2d53929183bdadf6abd57eb,-1.4671885357689618,0.7558323218866461
5e2e8bc5e39eba6dfb5b64e6be7b1540,-1.29710262878654,-0.24477951979197332
5d334fe576cbd68ce365caef9637cd00,-2.062765298922038,0.4360034539743536
db90b0040f4e664f24e821b33965e104,-0.4353472576927899,-0.8689445779279596
83c79fb52448fbbab6ca18e8296e083b,-2.062765298922038,0.4360034539743536
1f0612a4d7b39da7f6948d197fa552a1,-1.5355054722618817,0.23439771676503351
3bc6d0b911f182dd51d4f47982ebeccf,1.7102311267066241,-2.2615670487836725
4e72cb929bc6d7dd2e41a543e1873935,-0.11117237671134461,-1.3674380109266169
1b050f719c047f60bba533c3ba98bfd8,-1.0815765248131513,-0.4673835561231501
eff9c749a2ea3010e19279cd372c1603,-1.0629102574181317,-0.2897614762739069
00ab9bd631ca3a99f0ff659dd68515ca,-1.3589679585289716,0.21777481580220392
b02a36cef76f2558367b971123dd071d,-1.6418029652428388,2.7778039648576844
0b71009ae383571897bac27496d703c2,-1.99892729385612,0.9850211515470617
db7514c9cc6117db4e6f6a74b39a1a96,-1.6644608364891766,0.5806993320032232
93fd9587a7cacdd261dfa87d1ac03f69,-1.0836517201256513,-0.4637587592557795
2b47123100a6e3a02a3088806c3fa011,-1.2313205586266278,-0.3283267543271906
7e13214d1972049c9888289702e256d8,-1.465238271791911,-0.11436479544199774
8f112ee05a7d4988fbb99c4acdbaad82,-2.062765298922038,0.4360034539743536
9e15e76a487328cc4fe9a0f2a48eb146,-2.062765298922038,0.4360034539743536
bfc6a117e7aeb3f4fe99bc556e9ca18d,-2.062765298922038,0.4360034539743536
9421375a214a45d2e702227426671250,-1.8664285527062177,0.25216884160481623
23b269d840ab8f4d539629dde9483117,-1.7302243099999188,0.10418517137013605
43905ed446d13c5232e38ca5ac41f140,-2.062765298922038,0.43600357318364313
75c1405eb8a41e6e91339d78d3a548a3,-2.0344955311608075,0.7815746142908209
84d0affc7243c7d6261f3a7d680b873f,-0.4474269734215497,-1.0531760976270563
a21e6b641b56c1bea97b953496cc4de5,-2.062765298922038,0.43600357318364313
3cd530845b043e7e37f748380bc6c58c,-1.9968225346398114,1.1374722942157858
2cb16f19a154ae6de38df817b7ab8523,-2.062765298922038,0.43600357318364313
783850c71c3366a07cebe6ed6727e673,-1.1796023236107587,-0.38160889601267645
